79,NodeCounterV1,270
81,NodeGt,270
83,NodeLt,270
84,NodeAnd,271
77,NodeCounterV1,270
86,NodeGt,270
88,NodeLt,270
89,NodeAnd,271
90,NodeAnd,272
2,NodeInput,4
55,NodeMul,262
110,NodeReinterpret,268
111,NodeAdd,268
112,NodeCast,269
5,NodeStreamOffset,9
7,NodeStreamOffset,11
8,NodeAdd,10
12,NodeStreamOffset,11
14,NodeStreamOffset,268
15,NodeAdd,267
17,NodeAdd,268
113,NodeReinterpret,269
114,NodeCast,269
60,NodeSub,269
62,NodeSub,261
63,NodeMul,262
115,NodeReinterpret,268
116,NodeAdd,268
117,NodeCast,269
67,NodeSub,269
118,NodeReinterpret,270
119,NodeCast,270
70,NodeSub,270
71,NodeLt,271
74,NodeMux,272
92,NodeMux,273
97,NodeOutput,274
100,NodeCounterV1,3
101,NodeStreamOffset,3
103,NodeOutputMappedReg,4
106,NodeCounterV1,0
109,NodeEq,0
107,NodeFlush,1
